{
  "builtin_entity_scope": [],
  "config": {
    "unit_name": "tfidf_vectorizer",
    "use_stemming": false,
    "word_clusters_name": null
  },
  "language_code": "en",
  "vectorizer": {
    "idf_diag": [
      5.560869927091511,
      4.713572066704308,
      4.713572066704308,
      3.4013856777381393,
      5.966335035199676,
      5.560869927091511,
      5.050044303325521,
      5.966335035199676,
      5.273187854639731,
      4.580040674079785,
      4.261586942961251,
      5.050044303325521,
      5.273187854639731,
      5.560869927091511,
      4.462257638423402,
      3.66374994220563,
      2.228665416916307,
      2.36902277461123,
      4.261586942961251,
      4.3568971227655755,
      4.261586942961251,
      4.867722746531566,
      3.0218960560332353,
      5.560869927091511,
      5.560869927091511,
      5.273187854639731,
      4.174575565971621,
      5.966335035199676,
      5.050044303325521,
      3.88689349351984,
      3.951432014657411,
      2.9459101490553135,
      5.050044303325521,
      4.094532858298084,
      5.560869927091511,
      5.966335035199676,
      5.560869927091511,
      5.273187854639731,
      4.580040674079785,
      3.7691104578634564,
      4.580040674079785,
      4.713572066704308,
      4.713572066704308,
      3.66374994220563,
      4.094532858298084,
      3.88689349351984,
      5.560869927091511,
      3.951432014657411,
      3.7691104578634564,
      4.094532858298084,
      5.273187854639731,
      5.560869927091511,
      4.580040674079785,
      4.713572066704308,
      5.560869927091511,
      5.966335035199676,
      5.966335035199676,
      5.050044303325521,
      5.560869927091511,
      3.66374994220563,
      3.363645349755292,
      3.7150432365931807,
      5.050044303325521,
      5.273187854639731,
      3.4814283854116757,
      4.094532858298084,
      5.966335035199676
    ],
    "vocab": {
      "?": 0,
      "about": 1,
      "asr": 2,
      "back": 3,
      "bro": 4,
      "bye": 5,
      "can": 6,
      "close": 7,
      "debug": 8,
      "disable": 9,
      "do": 10,
      "does": 11,
      "dude": 12,
      "ellen": 13,
      "enable": 14,
      "end": 15,
      "entityfeaturefeature": 16,
      "entityfeaturefunction": 17,
      "entityfeaturepackage": 18,
      "entityfeatureperson": 19,
      "exit": 20,
      "get": 21,
      "go": 22,
      "goodbye": 23,
      "hat": 24,
      "hello": 25,
      "help": 26,
      "hey": 27,
      "hi": 28,
      "home": 29,
      "how": 30,
      "i": 31,
      "info": 32,
      "is": 33,
      "l8r": 34,
      "leave": 35,
      "loan": 36,
      "m": 37,
      "me": 38,
      "menu": 39,
      "my": 40,
      "name": 41,
      "nlu": 42,
      "now": 43,
      "off": 44,
      "on": 45,
      "package": 46,
      "packages": 47,
      "please": 48,
      "program": 49,
      "quit": 50,
      "red": 51,
      "s": 52,
      "show": 53,
      "shutdown": 54,
      "stop": 55,
      "sup": 56,
      "talk": 57,
      "tell": 58,
      "this": 59,
      "to": 60,
      "turn": 61,
      "use": 62,
      "victor": 63,
      "want": 64,
      "what": 65,
      "yo": 66
    }
  }
}