{
  "builtin_entity_scope": [],
  "config": {
    "unit_name": "tfidf_vectorizer",
    "use_stemming": false,
    "word_clusters_name": null
  },
  "language_code": "en",
  "vectorizer": {
    "idf_diag": [
      5.352426164897591,
      4.659278984337646,
      5.757891273005756,
      4.505128304510388,
      5.06474409244581,
      5.757891273005756,
      5.06474409244581,
      4.8416005411316,
      5.757891273005756,
      4.659278984337646,
      4.371596911885865,
      4.05314318076733,
      4.8416005411316,
      5.757891273005756,
      5.352426164897591,
      5.352426164897591,
      5.06474409244581,
      4.371596911885865,
      3.886089096104164,
      2.1743723345496453,
      4.05314318076733,
      3.7429882524634905,
      4.148453360571654,
      4.05314318076733,
      5.06474409244581,
      5.757891273005756,
      5.352426164897591,
      5.757891273005756,
      5.06474409244581,
      3.9661318037777002,
      5.757891273005756,
      4.8416005411316,
      3.7429882524634905,
      2.895690392076287,
      3.886089096104164,
      5.757891273005756,
      5.352426164897591,
      5.757891273005756,
      5.757891273005756,
      4.371596911885865,
      5.06474409244581,
      4.371596911885865,
      4.505128304510388,
      5.757891273005756,
      4.371596911885865,
      4.505128304510388,
      4.659278984337646,
      4.659278984337646,
      3.4065160158422776,
      3.6784497313259195,
      3.8119811239504418,
      3.6178251095094844,
      5.06474409244581,
      4.371596911885865,
      5.352426164897591,
      4.371596911885865,
      5.757891273005756,
      4.8416005411316,
      4.659278984337646,
      5.757891273005756,
      5.757891273005756,
      5.352426164897591,
      5.757891273005756,
      5.757891273005756,
      5.352426164897591,
      5.352426164897591,
      3.886089096104164,
      5.352426164897591,
      3.6784497313259195,
      3.4553061800117097,
      5.757891273005756,
      4.8416005411316,
      5.06474409244581,
      3.6178251095094844,
      3.9661318037777002,
      5.757891273005756
    ],
    "vocab": {
      "?": 0,
      "about": 1,
      "am": 2,
      "apply": 3,
      "asr": 4,
      "bro": 5,
      "bye": 6,
      "can": 7,
      "close": 8,
      "debug": 9,
      "disable": 10,
      "do": 11,
      "does": 12,
      "don": 13,
      "dude": 14,
      "ellen": 15,
      "email": 16,
      "enable": 17,
      "end": 18,
      "entityfeaturefeature": 19,
      "entityfeaturefunction": 20,
      "entityfeaturepackage": 21,
      "entityfeatureperson": 22,
      "exit": 23,
      "go": 24,
      "going": 25,
      "goodbye": 26,
      "happening": 27,
      "hello": 28,
      "help": 29,
      "hey": 30,
      "hi": 31,
      "how": 32,
      "i": 33,
      "is": 34,
      "l8r": 35,
      "leave": 36,
      "leaving": 37,
      "let": 38,
      "loan": 39,
      "m": 40,
      "me": 41,
      "menus": 42,
      "michael": 43,
      "my": 44,
      "name": 45,
      "nlp": 46,
      "nlu": 47,
      "now": 48,
      "of": 49,
      "off": 50,
      "on": 51,
      "packages": 52,
      "please": 53,
      "quit": 54,
      "s": 55,
      "sean": 56,
      "send": 57,
      "services": 58,
      "shelly": 59,
      "shutdown": 60,
      "stop": 61,
      "sup": 62,
      "t": 63,
      "talk": 64,
      "tell": 65,
      "this": 66,
      "tim": 67,
      "to": 68,
      "turn": 69,
      "up": 70,
      "use": 71,
      "victor": 72,
      "want": 73,
      "what": 74,
      "yo": 75
    }
  }
}