{
  "builtin_entity_scope": [],
  "config": {
    "unit_name": "tfidf_vectorizer",
    "use_stemming": false,
    "word_clusters_name": null
  },
  "language_code": "en",
  "vectorizer": {
    "idf_diag": [
      5.621699487939302,
      5.110873864173311,
      4.774401627552098,
      3.4622152385859297,
      5.621699487939302,
      6.0271645960474665,
      5.621699487939302,
      5.110873864173311,
      6.0271645960474665,
      5.110873864173311,
      4.640870234927576,
      4.322416503809041,
      5.110873864173311,
      4.774401627552098,
      3.775872797440971,
      2.389578436321081,
      2.4436456575913565,
      4.155362419145875,
      4.235405126819412,
      4.417726683613366,
      4.081254446992153,
      6.0271645960474665,
      5.110873864173311,
      2.982642158324043,
      5.621699487939302,
      4.774401627552098,
      5.621699487939302,
      5.334017415487521,
      4.155362419145875,
      6.0271645960474665,
      5.110873864173311,
      3.9477230543676303,
      4.012261575505201,
      3.006739709903104,
      6.0271645960474665,
      6.0271645960474665,
      5.621699487939302,
      5.110873864173311,
      4.640870234927576,
      4.012261575505201,
      5.621699487939302,
      4.640870234927576,
      4.774401627552098,
      5.334017415487521,
      4.774401627552098,
      3.775872797440971,
      6.0271645960474665,
      4.235405126819412,
      4.155362419145875,
      3.829940018711247,
      5.621699487939302,
      4.235405126819412,
      4.081254446992153,
      3.829940018711247,
      5.621699487939302,
      5.621699487939302,
      4.322416503809041,
      5.334017415487521,
      4.640870234927576,
      4.640870234927576,
      6.0271645960474665,
      5.621699487939302,
      6.0271645960474665,
      5.621699487939302,
      3.829940018711247,
      6.0271645960474665,
      3.3191143949452564,
      3.6757893388839884,
      5.621699487939302,
      4.9285523073793565,
      5.110873864173311,
      5.334017415487521,
      3.5848175606782617,
      4.322416503809041,
      6.0271645960474665
    ],
    "vocab": {
      "?": 0,
      "about": 1,
      "asr": 2,
      "back": 3,
      "bots": 4,
      "bro": 5,
      "bye": 6,
      "can": 7,
      "close": 8,
      "debug": 9,
      "disable": 10,
      "do": 11,
      "does": 12,
      "enable": 13,
      "end": 14,
      "entityfeaturefeature": 15,
      "entityfeaturefunction": 16,
      "entityfeatureno": 17,
      "entityfeaturepackage": 18,
      "entityfeatureperson": 19,
      "exit": 20,
      "fifteen": 21,
      "get": 22,
      "go": 23,
      "goodbye": 24,
      "goto": 25,
      "harry": 26,
      "hello": 27,
      "help": 28,
      "hey": 29,
      "hi": 30,
      "home": 31,
      "how": 32,
      "i": 33,
      "l8r": 34,
      "leave": 35,
      "leaving": 36,
      "m": 37,
      "me": 38,
      "menu": 39,
      "menus": 40,
      "my": 41,
      "name": 42,
      "next": 43,
      "nlu": 44,
      "now": 45,
      "np": 46,
      "of": 47,
      "off": 48,
      "on": 49,
      "p": 50,
      "packages": 51,
      "page": 52,
      "please": 53,
      "pp": 54,
      "previous": 55,
      "program": 56,
      "quit": 57,
      "s": 58,
      "show": 59,
      "shutdown": 60,
      "stop": 61,
      "sup": 62,
      "thirty": 63,
      "this": 64,
      "three": 65,
      "to": 66,
      "turn": 67,
      "twenty": 68,
      "two": 69,
      "use": 70,
      "victor": 71,
      "want": 72,
      "what": 73,
      "yo": 74
    }
  }
}