{
  "builtin_entity_scope": [],
  "config": {
    "unit_name": "tfidf_vectorizer",
    "use_stemming": false,
    "word_clusters_name": null
  },
  "language_code": "en",
  "vectorizer": {
    "idf_diag": [
      5.560869927091511,
      4.713572066704308,
      4.462257638423402,
      5.050044303325521,
      3.4013856777381393,
      5.560869927091511,
      5.966335035199676,
      5.050044303325521,
      5.050044303325521,
      5.966335035199676,
      5.560869927091511,
      5.050044303325521,
      4.462257638423402,
      4.261586942961251,
      5.050044303325521,
      4.580040674079785,
      3.8262688717034052,
      2.2168309592693047,
      2.4698274737331953,
      3.8262688717034052,
      4.3568971227655755,
      4.094532858298084,
      5.050044303325521,
      2.9959205696299747,
      5.966335035199676,
      5.273187854639731,
      4.174575565971621,
      5.966335035199676,
      5.050044303325521,
      3.88689349351984,
      3.951432014657411,
      2.87529258184136,
      4.867722746531566,
      4.3568971227655755,
      5.966335035199676,
      5.966335035199676,
      5.560869927091511,
      5.560869927091511,
      5.050044303325521,
      3.951432014657411,
      4.580040674079785,
      4.713572066704308,
      5.050044303325521,
      3.66374994220563,
      4.174575565971621,
      3.7150432365931807,
      5.560869927091511,
      4.174575565971621,
      3.66374994220563,
      4.174575565971621,
      5.273187854639731,
      5.050044303325521,
      4.462257638423402,
      5.273187854639731,
      4.713572066704308,
      5.560869927091511,
      5.050044303325521,
      5.966335035199676,
      5.966335035199676,
      5.050044303325521,
      5.560869927091511,
      4.094532858298084,
      3.292186385773147,
      3.66374994220563,
      5.050044303325521,
      5.273187854639731,
      5.050044303325521,
      3.4013856777381393,
      4.174575565971621,
      5.966335035199676
    ],
    "vocab": {
      "?": 0,
      "about": 1,
      "asr": 2,
      "automatic": 3,
      "back": 4,
      "bot": 5,
      "bro": 6,
      "bye": 7,
      "can": 8,
      "close": 9,
      "david": 10,
      "debug": 11,
      "disable": 12,
      "do": 13,
      "does": 14,
      "enable": 15,
      "end": 16,
      "entityfeaturefeature": 17,
      "entityfeaturefunction": 18,
      "entityfeaturepackage": 19,
      "entityfeatureperson": 20,
      "exit": 21,
      "get": 22,
      "go": 23,
      "goodbye": 24,
      "hello": 25,
      "help": 26,
      "hey": 27,
      "hi": 28,
      "home": 29,
      "how": 30,
      "i": 31,
      "info": 32,
      "is": 33,
      "l8r": 34,
      "leave": 35,
      "leaving": 36,
      "loan": 37,
      "m": 38,
      "menu": 39,
      "my": 40,
      "name": 41,
      "nlu": 42,
      "now": 43,
      "off": 44,
      "on": 45,
      "package": 46,
      "packages": 47,
      "please": 48,
      "program": 49,
      "quit": 50,
      "recognition": 51,
      "s": 52,
      "services": 53,
      "show": 54,
      "shutdown": 55,
      "speech": 56,
      "stop": 57,
      "sup": 58,
      "talk": 59,
      "tell": 60,
      "this": 61,
      "to": 62,
      "turn": 63,
      "use": 64,
      "victor": 65,
      "vish": 66,
      "want": 67,
      "what": 68,
      "yo": 69
    }
  }
}