{
  "builtin_entity_scope": [],
  "config": {
    "unit_name": "tfidf_vectorizer",
    "use_stemming": false,
    "word_clusters_name": null
  },
  "language_code": "en",
  "vectorizer": {
    "idf_diag": [
      5.33510971488613,
      4.8242840911201395,
      5.740574822994295,
      4.6419625343261846,
      5.740574822994295,
      4.8242840911201395,
      4.6419625343261846,
      4.8242840911201395,
      5.740574822994295,
      5.33510971488613,
      4.6419625343261846,
      5.740574822994295,
      4.4878118544989265,
      4.035826730755868,
      4.8242840911201395,
      5.33510971488613,
      5.33510971488613,
      5.33510971488613,
      3.948815353766239,
      4.354280461874404,
      4.6419625343261846,
      2.089916581700556,
      3.948815353766239,
      4.354280461874404,
      4.131136910560194,
      3.948815353766239,
      5.740574822994295,
      5.740574822994295,
      5.740574822994295,
      5.047427642434349,
      4.035826730755868,
      5.740574822994295,
      4.8242840911201395,
      3.7256718024520294,
      2.9073614789380784,
      3.948815353766239,
      5.740574822994295,
      5.740574822994295,
      5.740574822994295,
      5.33510971488613,
      5.740574822994295,
      5.740574822994295,
      4.8242840911201395,
      5.740574822994295,
      4.4878118544989265,
      4.354280461874404,
      4.4878118544989265,
      4.6419625343261846,
      5.047427642434349,
      3.3891995658308165,
      3.8687726460927028,
      3.948815353766239,
      3.600508659498024,
      4.236497426218021,
      4.4878118544989265,
      5.047427642434349,
      4.354280461874404,
      4.6419625343261846,
      5.740574822994295,
      5.740574822994295,
      5.740574822994295,
      5.740574822994295,
      5.33510971488613,
      5.33510971488613,
      5.33510971488613,
      3.794664673938981,
      3.794664673938981,
      3.3891995658308165,
      5.740574822994295,
      4.8242840911201395,
      5.047427642434349,
      4.354280461874404,
      3.6611332813144584,
      4.035826730755868,
      5.33510971488613,
      5.740574822994295
    ],
    "vocab": {
      "?": 0,
      "about": 1,
      "am": 2,
      "bots": 3,
      "bro": 4,
      "bye": 5,
      "calendar": 6,
      "can": 7,
      "carrie": 8,
      "close": 9,
      "debug": 10,
      "disabke": 11,
      "disable": 12,
      "do": 13,
      "does": 14,
      "don": 15,
      "dude": 16,
      "ellen": 17,
      "email": 18,
      "enable": 19,
      "end": 20,
      "entityfeaturefeature": 21,
      "entityfeaturefunction": 22,
      "entityfeaturemodule": 23,
      "entityfeatureperson": 24,
      "exit": 25,
      "going": 26,
      "goodbye": 27,
      "happening": 28,
      "hello": 29,
      "help": 30,
      "hey": 31,
      "hi": 32,
      "how": 33,
      "i": 34,
      "is": 35,
      "john": 36,
      "l8r": 37,
      "leave": 38,
      "leaving": 39,
      "let": 40,
      "luis": 41,
      "m": 42,
      "marvin": 43,
      "me": 44,
      "my": 45,
      "name": 46,
      "nlp": 47,
      "nlu": 48,
      "now": 49,
      "of": 50,
      "off": 51,
      "on": 52,
      "please": 53,
      "program": 54,
      "quit": 55,
      "s": 56,
      "send": 57,
      "shelly": 58,
      "shutdown": 59,
      "stop": 60,
      "sup": 61,
      "t": 62,
      "talk": 63,
      "tell": 64,
      "this": 65,
      "to": 66,
      "turn": 67,
      "up": 68,
      "use": 69,
      "victor": 70,
      "vish": 71,
      "want": 72,
      "what": 73,
      "work": 74,
      "yo": 75
    }
  }
}