{
  "builtin_entity_scope": [],
  "config": {
    "unit_name": "tfidf_vectorizer",
    "use_stemming": false,
    "word_clusters_name": null
  },
  "language_code": "en",
  "vectorizer": {
    "idf_diag": [
      5.430816798843313,
      4.919991175077323,
      5.836281906951478,
      5.836281906951478,
      5.143134726391533,
      5.836281906951478,
      5.430816798843313,
      4.919991175077323,
      5.836281906951478,
      5.836281906951478,
      5.143134726391533,
      4.449987545831587,
      4.131533814713053,
      4.919991175077323,
      5.430816798843313,
      5.430816798843313,
      5.430816798843313,
      4.449987545831587,
      3.8213788864092133,
      2.1727202608218317,
      2.7227665977411037,
      4.044522437723423,
      4.2268439945173775,
      3.7568403652716422,
      4.919991175077323,
      4.332204510175204,
      5.430816798843313,
      5.836281906951478,
      5.143134726391533,
      3.9644797300498866,
      5.836281906951478,
      4.919991175077323,
      3.8213788864092133,
      3.032921526044943,
      3.9644797300498866,
      5.430816798843313,
      5.836281906951478,
      5.836281906951478,
      5.430816798843313,
      5.836281906951478,
      4.919991175077323,
      5.836281906951478,
      4.919991175077323,
      4.449987545831587,
      3.9644797300498866,
      5.143134726391533,
      4.449987545831587,
      4.58351893845611,
      3.533696813957432,
      4.044522437723423,
      3.696215743455207,
      3.7568403652716422,
      4.449987545831587,
      4.2268439945173775,
      5.143134726391533,
      4.449987545831587,
      5.836281906951478,
      4.58351893845611,
      5.430816798843313,
      5.836281906951478,
      5.836281906951478,
      5.430816798843313,
      5.430816798843313,
      5.430816798843313,
      3.6390573296152584,
      5.836281906951478,
      3.6390573296152584,
      3.4849066497880004,
      5.836281906951478,
      4.919991175077323,
      5.143134726391533,
      5.430816798843313,
      3.8213788864092133,
      4.044522437723423,
      5.836281906951478
    ],
    "vocab": {
      "?": 0,
      "about": 1,
      "allister": 2,
      "am": 3,
      "apply": 4,
      "bro": 5,
      "bye": 6,
      "can": 7,
      "carrie": 8,
      "close": 9,
      "debug": 10,
      "disable": 11,
      "do": 12,
      "does": 13,
      "don": 14,
      "dude": 15,
      "email": 16,
      "enable": 17,
      "end": 18,
      "entityfeaturefeature": 19,
      "entityfeaturefunction": 20,
      "entityfeaturepackage": 21,
      "entityfeatureperson": 22,
      "exit": 23,
      "get": 24,
      "go": 25,
      "goodbye": 26,
      "happening": 27,
      "hello": 28,
      "help": 29,
      "hey": 30,
      "hi": 31,
      "how": 32,
      "i": 33,
      "is": 34,
      "john": 35,
      "l8r": 36,
      "leave": 37,
      "leaving": 38,
      "let": 39,
      "loan": 40,
      "luis": 41,
      "m": 42,
      "me": 43,
      "menu": 44,
      "menus": 45,
      "my": 46,
      "name": 47,
      "now": 48,
      "off": 49,
      "on": 50,
      "packages": 51,
      "please": 52,
      "program": 53,
      "quit": 54,
      "s": 55,
      "sean": 56,
      "show": 57,
      "shutdown": 58,
      "stop": 59,
      "sup": 60,
      "t": 61,
      "talk": 62,
      "tell": 63,
      "this": 64,
      "tim": 65,
      "to": 66,
      "turn": 67,
      "up": 68,
      "use": 69,
      "victor": 70,
      "vish": 71,
      "want": 72,
      "what": 73,
      "yo": 74
    }
  }
}