{
  "builtin_entity_scope": [],
  "config": {
    "unit_name": "tfidf_vectorizer",
    "use_stemming": false,
    "word_clusters_name": null
  },
  "language_code": "en",
  "vectorizer": {
    "idf_diag": [
      5.628235458919088,
      3.6823253098637743,
      4.935088278359142,
      5.340553386467307,
      5.117409835153096,
      5.628235458919088,
      3.468751209565715,
      4.935088278359142,
      6.033700567027251,
      5.340553386467307,
      5.117409835153096,
      6.033700567027251,
      5.628235458919088,
      4.935088278359142,
      4.647406205907361,
      4.241941097799197,
      4.935088278359142,
      5.628235458919088,
      5.117409835153096,
      4.780937598531883,
      4.087790417971938,
      2.249510933108991,
      2.7195145623547266,
      3.1433288091310874,
      4.424262654593152,
      4.087790417971938,
      4.780937598531883,
      5.628235458919088,
      3.0632861014575505,
      5.628235458919088,
      5.340553386467307,
      5.340553386467307,
      4.1618983901256605,
      6.033700567027251,
      5.117409835153096,
      3.954259025347416,
      4.018797546484987,
      3.0132756808828893,
      5.340553386467307,
      4.087790417971938,
      5.628235458919088,
      4.647406205907361,
      5.340553386467307,
      4.529623170250978,
      4.018797546484987,
      4.647406205907361,
      4.780937598531883,
      5.340553386467307,
      3.635805294228881,
      4.241941097799197,
      4.241941097799197,
      3.8364759896910328,
      4.087790417971938,
      3.731115474033206,
      4.424262654593152,
      5.628235458919088,
      5.628235458919088,
      5.340553386467307,
      5.340553386467307,
      4.529623170250978,
      4.935088278359142,
      4.780937598531883,
      5.628235458919088,
      5.628235458919088,
      5.628235458919088,
      6.033700567027251,
      5.628235458919088,
      5.340553386467307,
      5.628235458919088,
      3.2611118447874707,
      4.087790417971938,
      3.394643237411993,
      3.6823253098637743,
      5.117409835153096,
      5.340553386467307,
      3.5487939172392515,
      4.018797546484987,
      6.033700567027251
    ],
    "vocab": {
      "?": 0,
      "_": 1,
      "about": 2,
      "apply": 3,
      "asr": 4,
      "automatic": 5,
      "back": 6,
      "bots": 7,
      "bro": 8,
      "bye": 9,
      "can": 10,
      "close": 11,
      "david": 12,
      "debug": 13,
      "disable": 14,
      "do": 15,
      "does": 16,
      "don": 17,
      "email": 18,
      "enable": 19,
      "end": 20,
      "entityfeaturefeature": 21,
      "entityfeaturefunction": 22,
      "entityfeaturepackage": 23,
      "entityfeatureperson": 24,
      "exit": 25,
      "get": 26,
      "github": 27,
      "go": 28,
      "goodbye": 29,
      "hat": 30,
      "hello": 31,
      "help": 32,
      "hey": 33,
      "hi": 34,
      "home": 35,
      "how": 36,
      "i": 37,
      "info": 38,
      "is": 39,
      "let": 40,
      "loan": 41,
      "m": 42,
      "me": 43,
      "menu": 44,
      "my": 45,
      "name": 46,
      "news": 47,
      "now": 48,
      "of": 49,
      "off": 50,
      "on": 51,
      "packages": 52,
      "please": 53,
      "program": 54,
      "quit": 55,
      "recognition": 56,
      "red": 57,
      "redhat": 58,
      "s": 59,
      "send": 60,
      "show": 61,
      "shutdown": 62,
      "speech": 63,
      "stop": 64,
      "sup": 65,
      "t": 66,
      "talk": 67,
      "tell": 68,
      "the": 69,
      "this": 70,
      "to": 71,
      "turn": 72,
      "use": 73,
      "victor": 74,
      "want": 75,
      "what": 76,
      "yo": 77
    }
  }
}