{
  "builtin_entity_scope": [],
  "config": {
    "unit_name": "tfidf_vectorizer",
    "use_stemming": false,
    "word_clusters_name": null
  },
  "language_code": "en",
  "vectorizer": {
    "idf_diag": [
      5.204692619390966,
      5.204692619390966,
      5.61015772749913,
      5.61015772749913,
      5.204692619390966,
      4.511545438831021,
      5.61015772749913,
      5.204692619390966,
      4.511545438831021,
      5.204692619390966,
      5.204692619390966,
      4.357394759003762,
      5.61015772749913,
      4.2238633663792395,
      4.2238633663792395,
      5.204692619390966,
      5.204692619390966,
      4.2238633663792395,
      4.357394759003762,
      4.511545438831021,
      2.144421824699404,
      4.000719815065031,
      4.106080330722856,
      5.61015772749913,
      5.61015772749913,
      4.917010546939185,
      4.2238633663792395,
      5.61015772749913,
      4.693866995624976,
      3.905409635260705,
      2.971100397883872,
      3.905409635260705,
      5.61015772749913,
      5.61015772749913,
      5.204692619390966,
      5.61015772749913,
      5.204692619390966,
      4.917010546939185,
      4.511545438831021,
      4.511545438831021,
      4.2238633663792395,
      4.357394759003762,
      4.693866995624976,
      3.2587824703356527,
      3.905409635260705,
      3.5307161858192946,
      4.000719815065031,
      4.917010546939185,
      4.357394759003762,
      4.511545438831021,
      4.693866995624976,
      5.61015772749913,
      5.61015772749913,
      5.204692619390966,
      5.61015772749913,
      5.204692619390966,
      5.61015772749913,
      3.167810692129926,
      3.738355550597539,
      3.8183982582710754,
      3.307572634505085,
      5.61015772749913,
      4.917010546939185,
      4.917010546939185,
      3.5952547069568657,
      4.2238633663792395,
      5.61015772749913
    ],
    "vocab": {
      "?": 0,
      "about": 1,
      "allister": 2,
      "am": 3,
      "asr": 4,
      "bots": 5,
      "bro": 6,
      "bye": 7,
      "calendar": 8,
      "can": 9,
      "close": 10,
      "debug": 11,
      "disabke": 12,
      "disable": 13,
      "do": 14,
      "does": 15,
      "don": 16,
      "email": 17,
      "enable": 18,
      "end": 19,
      "entityfeaturefeature": 20,
      "entityfeatureperson": 21,
      "exit": 22,
      "goodbye": 23,
      "happening": 24,
      "hello": 25,
      "help": 26,
      "hey": 27,
      "hi": 28,
      "how": 29,
      "i": 30,
      "is": 31,
      "joe": 32,
      "l8r": 33,
      "leave": 34,
      "leaving": 35,
      "let": 36,
      "m": 37,
      "me": 38,
      "menu": 39,
      "my": 40,
      "name": 41,
      "nlp": 42,
      "now": 43,
      "off": 44,
      "on": 45,
      "please": 46,
      "quit": 47,
      "s": 48,
      "send": 49,
      "services": 50,
      "shelly": 51,
      "shutdown": 52,
      "stop": 53,
      "sup": 54,
      "t": 55,
      "talk": 56,
      "the": 57,
      "this": 58,
      "to": 59,
      "turn": 60,
      "up": 61,
      "use": 62,
      "victor": 63,
      "want": 64,
      "what": 65,
      "yo": 66
    }
  }
}