{
  "builtin_entity_scope": [],
  "config": {
    "unit_name": "tfidf_vectorizer",
    "use_stemming": false,
    "word_clusters_name": null
  },
  "language_code": "en",
  "vectorizer": {
    "idf_diag": [
      4.471966452550363,
      4.471966452550363,
      4.982792076316353,
      4.695110003864572,
      4.982792076316353,
      4.982792076316353,
      4.471966452550363,
      2.367832298280155,
      4.982792076316353,
      4.982792076316353,
      4.695110003864572,
      3.5164550075229264,
      4.982792076316353,
      4.982792076316353,
      3.4423470353692043,
      4.695110003864572,
      4.695110003864572,
      3.373354163882253,
      2.990361911626147,
      4.982792076316353,
      4.471966452550363,
      5.388257184424518,
      3.7788192719904172,
      4.982792076316353,
      4.695110003864572,
      4.982792076316353,
      4.695110003864572,
      2.823307826962981,
      2.9459101490553135,
      4.289644895756409,
      3.4423470353692043,
      3.6835090921860925,
      4.471966452550363,
      4.471966452550363,
      4.982792076316353,
      3.03688192726104,
      4.471966452550363,
      4.982792076316353,
      4.982792076316353,
      3.5164550075229264,
      4.471966452550363,
      4.982792076316353
    ],
    "vocab": {
      "?": 0,
      "am": 1,
      "bro": 2,
      "carrie": 3,
      "david": 4,
      "dude": 5,
      "ellen": 6,
      "entityfeatureperson": 7,
      "going": 8,
      "happening": 9,
      "harry": 10,
      "hello": 11,
      "henry": 12,
      "hey": 13,
      "hi": 14,
      "how": 15,
      "hubert": 16,
      "i": 17,
      "is": 18,
      "joe": 19,
      "john": 20,
      "luis": 21,
      "m": 22,
      "marvin": 23,
      "mary": 24,
      "michael": 25,
      "miller": 26,
      "my": 27,
      "name": 28,
      "names": 29,
      "of": 30,
      "s": 31,
      "sean": 32,
      "shelly": 33,
      "sup": 34,
      "the": 35,
      "there": 36,
      "tim": 37,
      "up": 38,
      "victor": 39,
      "what": 40,
      "yo": 41
    }
  }
}