{
  "builtin_entity_scope": [],
  "config": {
    "unit_name": "tfidf_vectorizer",
    "use_stemming": false,
    "word_clusters_name": null
  },
  "language_code": "en",
  "vectorizer": {
    "idf_diag": [
      5.204692619390966,
      4.917010546939185,
      5.61015772749913,
      4.511545438831021,
      5.61015772749913,
      4.917010546939185,
      4.357394759003762,
      5.204692619390966,
      5.204692619390966,
      4.693866995624976,
      5.204692619390966,
      4.2238633663792395,
      4.511545438831021,
      5.204692619390966,
      5.204692619390966,
      4.000719815065031,
      4.2238633663792395,
      4.357394759003762,
      2.160170181667543,
      4.000719815065031,
      4.917010546939185,
      5.61015772749913,
      5.61015772749913,
      4.917010546939185,
      4.106080330722856,
      5.61015772749913,
      4.693866995624976,
      4.106080330722856,
      5.61015772749913,
      3.21226245470076,
      3.905409635260705,
      5.61015772749913,
      5.61015772749913,
      5.61015772749913,
      5.204692619390966,
      4.917010546939185,
      5.61015772749913,
      4.357394759003762,
      5.204692619390966,
      4.2238633663792395,
      4.357394759003762,
      4.511545438831021,
      4.693866995624976,
      3.167810692129926,
      4.000719815065031,
      3.6642475784438173,
      4.000719815065031,
      4.917010546939185,
      4.357394759003762,
      4.693866995624976,
      4.511545438831021,
      5.61015772749913,
      5.204692619390966,
      5.61015772749913,
      5.61015772749913,
      5.204692619390966,
      5.61015772749913,
      5.204692619390966,
      3.21226245470076,
      3.8183982582710754,
      3.3588659288926355,
      5.61015772749913,
      5.204692619390966,
      4.917010546939185,
      3.905409635260705,
      4.2238633663792395,
      5.61015772749913
    ],
    "vocab": {
      "?": 0,
      "about": 1,
      "am": 2,
      "bots": 3,
      "bro": 4,
      "bye": 5,
      "calendar": 6,
      "can": 7,
      "close": 8,
      "debug": 9,
      "disabke": 10,
      "disable": 11,
      "do": 12,
      "does": 13,
      "don": 14,
      "email": 15,
      "enable": 16,
      "end": 17,
      "entityfeaturefeature": 18,
      "entityfeatureperson": 19,
      "exit": 20,
      "goodbye": 21,
      "happening": 22,
      "hello": 23,
      "help": 24,
      "hey": 25,
      "hi": 26,
      "how": 27,
      "hubert": 28,
      "i": 29,
      "is": 30,
      "l8r": 31,
      "leave": 32,
      "leaving": 33,
      "let": 34,
      "m": 35,
      "mary": 36,
      "me": 37,
      "menu": 38,
      "my": 39,
      "name": 40,
      "nlp": 41,
      "nlu": 42,
      "now": 43,
      "off": 44,
      "on": 45,
      "please": 46,
      "quit": 47,
      "s": 48,
      "send": 49,
      "services": 50,
      "shelly": 51,
      "shutdown": 52,
      "stop": 53,
      "sup": 54,
      "t": 55,
      "talk": 56,
      "tell": 57,
      "the": 58,
      "this": 59,
      "turn": 60,
      "up": 61,
      "use": 62,
      "victor": 63,
      "want": 64,
      "what": 65,
      "yo": 66
    }
  }
}