{
  "builtin_entity_scope": [],
  "config": {
    "unit_name": "tfidf_vectorizer",
    "use_stemming": false,
    "word_clusters_name": null
  },
  "language_code": "en",
  "vectorizer": {
    "idf_diag": [
      4.917010546939185,
      4.693866995624976,
      5.61015772749913,
      5.204692619390966,
      5.204692619390966,
      4.693866995624976,
      4.917010546939185,
      5.204692619390966,
      4.917010546939185,
      5.61015772749913,
      4.106080330722856,
      5.204692619390966,
      4.693866995624976,
      4.917010546939185,
      5.204692619390966,
      4.693866995624976,
      3.738355550597539,
      2.589732841354768,
      4.917010546939185,
      5.204692619390966,
      5.204692619390966,
      3.8183982582710754,
      4.357394759003762,
      4.693866995624976,
      5.204692619390966,
      3.5952547069568657,
      3.8183982582710754,
      5.204692619390966,
      3.0844290831908747,
      3.167810692129926,
      4.693866995624976,
      5.204692619390966,
      5.204692619390966,
      5.204692619390966,
      4.693866995624976,
      4.000719815065031,
      4.693866995624976,
      5.61015772749913,
      4.511545438831021,
      3.0452083700375936,
      3.167810692129926,
      4.511545438831021,
      3.8183982582710754,
      5.204692619390966,
      5.204692619390966,
      3.8183982582710754,
      4.917010546939185,
      5.204692619390966,
      5.61015772749913,
      5.204692619390966,
      5.204692619390966,
      5.204692619390966,
      3.2587824703356527,
      4.693866995624976,
      3.905409635260705,
      4.917010546939185,
      5.204692619390966,
      5.204692619390966,
      3.738355550597539,
      3.905409635260705,
      5.204692619390966,
      4.917010546939185
    ],
    "vocab": {
      "?": 0,
      "am": 1,
      "bots": 2,
      "bro": 3,
      "bye": 4,
      "can": 5,
      "carrie": 6,
      "close": 7,
      "david": 8,
      "debug": 9,
      "do": 10,
      "does": 11,
      "dude": 12,
      "ellen": 13,
      "email": 14,
      "end": 15,
      "entityfeaturefeature": 16,
      "entityfeatureperson": 17,
      "exit": 18,
      "goodbye": 19,
      "happening": 20,
      "hello": 21,
      "help": 22,
      "henry": 23,
      "hey": 24,
      "hi": 25,
      "how": 26,
      "hubert": 27,
      "i": 28,
      "is": 29,
      "joe": 30,
      "john": 31,
      "l8r": 32,
      "let": 33,
      "luis": 34,
      "m": 35,
      "marvin": 36,
      "mary": 37,
      "me": 38,
      "my": 39,
      "name": 40,
      "names": 41,
      "of": 42,
      "program": 43,
      "quit": 44,
      "s": 45,
      "sean": 46,
      "send": 47,
      "services": 48,
      "shutdown": 49,
      "stop": 50,
      "sup": 51,
      "the": 52,
      "there": 53,
      "this": 54,
      "tim": 55,
      "up": 56,
      "use": 57,
      "victor": 58,
      "what": 59,
      "yo": 60,
      "you": 61
    }
  }
}