{
  "builtin_entity_scope": [],
  "config": {
    "unit_name": "tfidf_vectorizer",
    "use_stemming": false,
    "word_clusters_name": null
  },
  "language_code": "en",
  "vectorizer": {
    "idf_diag": [
      4.788724789083652,
      5.0118683403978626,
      4.788724789083652,
      5.0118683403978626,
      5.705015520957808,
      4.788724789083652,
      5.299550412849643,
      5.0118683403978626,
      5.0118683403978626,
      5.0118683403978626,
      5.0118683403978626,
      5.705015520957808,
      5.705015520957808,
      4.606403232289698,
      5.299550412849643,
      5.0118683403978626,
      4.788724789083652,
      4.606403232289698,
      4.318721159837917,
      4.788724789083652,
      2.613973067599492,
      2.6845906348134454,
      5.0118683403978626,
      5.299550412849643,
      5.705015520957808,
      5.299550412849643,
      3.833213344056216,
      3.9132560517297525,
      5.0118683403978626,
      5.705015520957808,
      3.690112500415543,
      3.9132560517297525,
      4.788724789083652,
      3.065958191342549,
      3.220108871169807,
      5.705015520957808,
      5.705015520957808,
      5.299550412849643,
      5.705015520957808,
      5.705015520957808,
      5.0118683403978626,
      5.0118683403978626,
      4.000267428719383,
      4.788724789083652,
      5.0118683403978626,
      5.705015520957808,
      4.788724789083652,
      3.1400661634962708,
      3.2626684855886032,
      4.606403232289698,
      5.705015520957808,
      4.788724789083652,
      4.200938124181533,
      5.705015520957808,
      3.9132560517297525,
      4.788724789083652,
      5.299550412849643,
      5.0118683403978626,
      3.9132560517297525,
      4.788724789083652,
      5.299550412849643,
      5.299550412849643,
      5.299550412849643,
      5.705015520957808,
      3.220108871169807,
      4.788724789083652,
      4.200938124181533,
      4.606403232289698,
      4.095577608523707,
      5.299550412849643,
      5.299550412849643,
      3.9132560517297525,
      4.606403232289698,
      4.200938124181533,
      5.299550412849643,
      5.0118683403978626
    ],
    "vocab": {
      "?": 0,
      "allister": 1,
      "am": 2,
      "apply": 3,
      "asr": 4,
      "bots": 5,
      "bro": 6,
      "bye": 7,
      "calendar": 8,
      "can": 9,
      "carrie": 10,
      "close": 11,
      "debug": 12,
      "do": 13,
      "does": 14,
      "dude": 15,
      "ellen": 16,
      "email": 17,
      "enable": 18,
      "end": 19,
      "entityfeaturefeature": 20,
      "entityfeatureperson": 21,
      "exit": 22,
      "going": 23,
      "goodbye": 24,
      "happening": 25,
      "hello": 26,
      "help": 27,
      "henry": 28,
      "hey": 29,
      "hi": 30,
      "how": 31,
      "hubert": 32,
      "i": 33,
      "is": 34,
      "joe": 35,
      "l8r": 36,
      "leave": 37,
      "leaving": 38,
      "let": 39,
      "loan": 40,
      "luis": 41,
      "m": 42,
      "marge": 43,
      "marvin": 44,
      "mary": 45,
      "me": 46,
      "my": 47,
      "name": 48,
      "names": 49,
      "nlp": 50,
      "nlu": 51,
      "now": 52,
      "off": 53,
      "on": 54,
      "please": 55,
      "program": 56,
      "quit": 57,
      "s": 58,
      "services": 59,
      "shelly": 60,
      "shutdown": 61,
      "stop": 62,
      "sup": 63,
      "the": 64,
      "there": 65,
      "this": 66,
      "to": 67,
      "turn": 68,
      "up": 69,
      "use": 70,
      "victor": 71,
      "want": 72,
      "what": 73,
      "yo": 74,
      "you": 75
    }
  }
}