{
  "builtin_entity_scope": [],
  "config": {
    "unit_name": "tfidf_vectorizer",
    "use_stemming": false,
    "word_clusters_name": null
  },
  "language_code": "en",
  "vectorizer": {
    "idf_diag": [
      5.204692619390966,
      5.204692619390966,
      5.61015772749913,
      4.693866995624976,
      4.693866995624976,
      5.61015772749913,
      4.917010546939185,
      4.511545438831021,
      5.204692619390966,
      5.61015772749913,
      5.61015772749913,
      5.61015772749913,
      4.2238633663792395,
      4.511545438831021,
      5.204692619390966,
      5.61015772749913,
      4.000719815065031,
      4.2238633663792395,
      4.511545438831021,
      2.144421824699404,
      4.000719815065031,
      4.357394759003762,
      5.61015772749913,
      5.61015772749913,
      4.917010546939185,
      4.106080330722856,
      5.61015772749913,
      4.693866995624976,
      4.106080330722856,
      3.0074680420547466,
      5.61015772749913,
      5.204692619390966,
      5.61015772749913,
      5.61015772749913,
      4.917010546939185,
      4.511545438831021,
      5.204692619390966,
      4.2238633663792395,
      4.357394759003762,
      4.511545438831021,
      4.357394759003762,
      3.307572634505085,
      3.8183982582710754,
      3.8183982582710754,
      3.5307161858192946,
      4.106080330722856,
      4.693866995624976,
      4.357394759003762,
      4.357394759003762,
      4.693866995624976,
      5.204692619390966,
      5.61015772749913,
      5.61015772749913,
      5.61015772749913,
      3.167810692129926,
      3.738355550597539,
      5.61015772749913,
      3.6642475784438173,
      3.2587824703356527,
      5.61015772749913,
      5.204692619390966,
      4.917010546939185,
      3.5307161858192946,
      4.106080330722856,
      5.61015772749913
    ],
    "vocab": {
      "?": 0,
      "about": 1,
      "am": 2,
      "asr": 3,
      "bots": 4,
      "bro": 5,
      "bye": 6,
      "calendar": 7,
      "can": 8,
      "carrie": 9,
      "close": 10,
      "disabke": 11,
      "disable": 12,
      "do": 13,
      "does": 14,
      "ellen": 15,
      "email": 16,
      "enable": 17,
      "end": 18,
      "entityfeaturefeature": 19,
      "entityfeatureperson": 20,
      "exit": 21,
      "goodbye": 22,
      "happening": 23,
      "hello": 24,
      "help": 25,
      "hey": 26,
      "hi": 27,
      "how": 28,
      "i": 29,
      "l8r": 30,
      "leave": 31,
      "leaving": 32,
      "let": 33,
      "m": 34,
      "me": 35,
      "menu": 36,
      "my": 37,
      "name": 38,
      "nlp": 39,
      "nlu": 40,
      "now": 41,
      "of": 42,
      "off": 43,
      "on": 44,
      "please": 45,
      "quit": 46,
      "s": 47,
      "send": 48,
      "services": 49,
      "shutdown": 50,
      "stop": 51,
      "sup": 52,
      "talk": 53,
      "the": 54,
      "this": 55,
      "tim": 56,
      "to": 57,
      "turn": 58,
      "up": 59,
      "use": 60,
      "victor": 61,
      "want": 62,
      "what": 63,
      "yo": 64
    }
  }
}