{
  "builtin_entity_scope": [],
  "config": {
    "unit_name": "tfidf_vectorizer",
    "use_stemming": false,
    "word_clusters_name": null
  },
  "language_code": "en",
  "vectorizer": {
    "idf_diag": [
      5.204692619390966,
      5.61015772749913,
      4.693866995624976,
      4.357394759003762,
      5.61015772749913,
      4.917010546939185,
      4.693866995624976,
      4.917010546939185,
      5.61015772749913,
      4.693866995624976,
      5.61015772749913,
      4.2238633663792395,
      4.106080330722856,
      5.204692619390966,
      4.917010546939185,
      5.61015772749913,
      3.905409635260705,
      4.106080330722856,
      4.511545438831021,
      2.128917638163439,
      4.000719815065031,
      4.2238633663792395,
      5.61015772749913,
      5.61015772749913,
      4.917010546939185,
      4.2238633663792395,
      5.61015772749913,
      4.693866995624976,
      3.738355550597539,
      2.971100397883872,
      4.106080330722856,
      5.204692619390966,
      5.204692619390966,
      5.61015772749913,
      5.61015772749913,
      4.917010546939185,
      4.2238633663792395,
      4.357394759003762,
      4.511545438831021,
      4.917010546939185,
      3.4700915640028596,
      3.8183982582710754,
      3.738355550597539,
      4.357394759003762,
      5.204692619390966,
      4.917010546939185,
      4.357394759003762,
      5.204692619390966,
      4.357394759003762,
      5.204692619390966,
      5.61015772749913,
      5.204692619390966,
      5.61015772749913,
      3.307572634505085,
      4.106080330722856,
      3.2587824703356527,
      5.61015772749913,
      4.693866995624976,
      4.917010546939185,
      3.738355550597539,
      4.357394759003762,
      5.61015772749913
    ],
    "vocab": {
      "?": 0,
      "am": 1,
      "asr": 2,
      "bots": 3,
      "bro": 4,
      "bye": 5,
      "calendar": 6,
      "can": 7,
      "close": 8,
      "debug": 9,
      "disabke": 10,
      "disable": 11,
      "do": 12,
      "does": 13,
      "dude": 14,
      "ellen": 15,
      "email": 16,
      "enable": 17,
      "end": 18,
      "entityfeaturefeature": 19,
      "entityfeatureperson": 20,
      "exit": 21,
      "goodbye": 22,
      "happening": 23,
      "hello": 24,
      "help": 25,
      "hey": 26,
      "hi": 27,
      "how": 28,
      "i": 29,
      "is": 30,
      "l8r": 31,
      "leave": 32,
      "leaving": 33,
      "let": 34,
      "m": 35,
      "my": 36,
      "name": 37,
      "nlp": 38,
      "nlu": 39,
      "now": 40,
      "off": 41,
      "on": 42,
      "please": 43,
      "program": 44,
      "quit": 45,
      "s": 46,
      "sean": 47,
      "send": 48,
      "shelly": 49,
      "shutdown": 50,
      "stop": 51,
      "sup": 52,
      "the": 53,
      "this": 54,
      "turn": 55,
      "up": 56,
      "use": 57,
      "victor": 58,
      "want": 59,
      "what": 60,
      "yo": 61
    }
  }
}