{
  "builtin_entity_scope": [],
  "config": {
    "unit_name": "tfidf_vectorizer",
    "use_stemming": false,
    "word_clusters_name": null
  },
  "language_code": "en",
  "vectorizer": {
    "idf_diag": [
      5.255612709818223,
      4.850147601710058,
      4.562465529258278,
      5.255612709818223,
      4.850147601710058,
      5.255612709818223,
      4.850147601710058,
      4.157000421150114,
      3.0043209112117277,
      4.339321977944068,
      3.2407096892759584,
      4.850147601710058,
      4.157000421150114,
      4.002849741322855,
      4.562465529258278,
      4.157000421150114,
      3.463853240590168,
      3.3838105329166317,
      3.8693183486983322,
      3.8693183486983322,
      3.2407096892759584,
      5.255612709818223,
      4.850147601710058,
      5.255612709818223,
      4.562465529258278,
      4.850147601710058,
      4.850147601710058,
      4.339321977944068,
      5.255612709818223,
      2.616555380202964,
      4.850147601710058,
      4.002849741322855,
      3.751535313041949
    ],
    "vocab": {
      "?": 0,
      "about": 1,
      "administer": 2,
      "build": 3,
      "computers": 4,
      "configs": 5,
      "do": 6,
      "entityfeatureopenshift_object": 7,
      "entityfeaturepackage": 8,
      "get": 9,
      "help": 10,
      "how": 11,
      "i": 12,
      "is": 13,
      "manage": 14,
      "me": 15,
      "of": 16,
      "openshift": 17,
      "openshit": 18,
      "package": 19,
      "packages": 20,
      "pods": 21,
      "routes": 22,
      "s": 23,
      "show": 24,
      "start": 25,
      "tell": 26,
      "to": 27,
      "use": 28,
      "vish": 29,
      "want": 30,
      "what": 31,
      "with": 32
    }
  }
}