{
  "builtin_entity_scope": [],
  "config": {
    "unit_name": "tfidf_vectorizer",
    "use_stemming": false,
    "word_clusters_name": null
  },
  "language_code": "en",
  "vectorizer": {
    "idf_diag": [
      5.102643365036796,
      4.697178256928631,
      4.4094961844768505,
      4.004031076368686,
      4.697178256928631,
      4.697178256928631,
      3.716349003916905,
      3.087740344494531,
      4.697178256928631,
      4.004031076368686,
      3.5985659682605218,
      4.004031076368686,
      4.697178256928631,
      4.697178256928631,
      3.0232018233569597,
      4.186352633162641,
      4.4094961844768505,
      4.004031076368686,
      4.004031076368686,
      5.102643365036796,
      5.102643365036796,
      2.537694007575259,
      4.4094961844768505,
      5.102643365036796,
      3.2308411881352046,
      5.102643365036796,
      4.004031076368686,
      3.716349003916905
    ],
    "vocab": {
      "?": 0,
      "about": 1,
      "administer": 2,
      "are": 3,
      "computers": 4,
      "do": 5,
      "entityfeaturepackage": 6,
      "help": 7,
      "how": 8,
      "i": 9,
      "in": 10,
      "is": 11,
      "manage": 12,
      "me": 13,
      "of": 14,
      "openshift": 15,
      "openshit": 16,
      "package": 17,
      "packages": 18,
      "s": 19,
      "tell": 20,
      "the": 21,
      "this": 22,
      "use": 23,
      "vish": 24,
      "want": 25,
      "what": 26,
      "with": 27
    }
  }
}