{
  "builtin_entity_scope": [],
  "config": {
    "unit_name": "tfidf_vectorizer",
    "use_stemming": false,
    "word_clusters_name": null
  },
  "language_code": "en",
  "vectorizer": {
    "idf_diag": [
      5.255612709818223,
      5.255612709818223,
      4.850147601710058,
      4.850147601710058,
      4.850147601710058,
      2.616555380202964,
      2.616555380202964,
      4.157000421150114,
      3.3097025607629096,
      4.850147601710058,
      4.339321977944068,
      4.339321977944068,
      3.5508646175797978,
      4.850147601710058,
      3.463853240590168,
      2.616555380202964,
      4.157000421150114,
      4.157000421150114,
      3.5508646175797978,
      5.255612709818223,
      4.157000421150114,
      5.255612709818223,
      4.850147601710058,
      3.5508646175797978,
      5.255612709818223,
      4.157000421150114,
      3.8693183486983322
    ],
    "vocab": {
      "?": 0,
      "about": 1,
      "administer": 2,
      "computers": 3,
      "do": 4,
      "entityfeaturepackage": 5,
      "entityfeaturevish_package": 6,
      "goto": 7,
      "help": 8,
      "how": 9,
      "i": 10,
      "is": 11,
      "launch": 12,
      "manage": 13,
      "of": 14,
      "openshift": 15,
      "package": 16,
      "packages": 17,
      "redhat": 18,
      "s": 19,
      "start": 20,
      "tell": 21,
      "use": 22,
      "vish": 23,
      "want": 24,
      "what": 25,
      "with": 26
    }
  }
}