{
  "builtin_entity_scope": [],
  "config": {
    "unit_name": "tfidf_vectorizer",
    "use_stemming": false,
    "word_clusters_name": null
  },
  "language_code": "en",
  "vectorizer": {
    "idf_diag": [
      5.255612709818223,
      4.562465529258278,
      3.751535313041949,
      4.562465529258278,
      5.255612709818223,
      5.255612709818223,
      4.002849741322855,
      4.339321977944068,
      4.157000421150114,
      3.8693183486983322,
      4.850147601710058,
      2.422399365762007,
      3.3097025607629096,
      4.850147601710058,
      4.562465529258278,
      4.339321977944068,
      4.002849741322855,
      5.255612709818223,
      3.6461747973841225,
      3.6461747973841225,
      4.002849741322855,
      5.255612709818223,
      4.339321977944068,
      4.850147601710058,
      4.339321977944068,
      4.850147601710058,
      4.562465529258278,
      3.8693183486983322,
      5.255612709818223,
      3.0583881324820035,
      4.157000421150114,
      5.255612709818223,
      4.562465529258278,
      4.002849741322855,
      3.8693183486983322
    ],
    "vocab": {
      "about": 0,
      "administer": 1,
      "build": 2,
      "build_configs": 3,
      "buildconfigs": 4,
      "builds": 5,
      "config": 6,
      "configs": 7,
      "deployment": 8,
      "display": 9,
      "do": 10,
      "entityfeatureopenshift_object": 11,
      "help": 12,
      "how": 13,
      "i": 14,
      "is": 15,
      "list": 16,
      "manage": 17,
      "me": 18,
      "of": 19,
      "openshift": 20,
      "pods": 21,
      "projects": 22,
      "route": 23,
      "routes": 24,
      "s": 25,
      "services": 26,
      "show": 27,
      "tell": 28,
      "the": 29,
      "this": 30,
      "use": 31,
      "vish": 32,
      "what": 33,
      "with": 34
    }
  }
}