{
  "builtin_entity_scope": [],
  "config": {
    "unit_name": "tfidf_vectorizer",
    "use_stemming": false,
    "word_clusters_name": null
  },
  "language_code": "en",
  "vectorizer": {
    "idf_diag": [
      5.255612709818223,
      4.562465529258278,
      4.339321977944068,
      4.562465529258278,
      4.562465529258278,
      4.562465529258278,
      4.339321977944068,
      4.002849741322855,
      3.8693183486983322,
      3.8693183486983322,
      4.850147601710058,
      2.3378419777339436,
      3.2407096892759584,
      4.850147601710058,
      4.562465529258278,
      4.339321977944068,
      3.8693183486983322,
      5.255612709818223,
      3.751535313041949,
      3.5508646175797978,
      3.751535313041949,
      4.562465529258278,
      4.850147601710058,
      4.850147601710058,
      5.255612709818223,
      4.850147601710058,
      4.562465529258278,
      4.339321977944068,
      4.562465529258278,
      4.002849741322855,
      5.255612709818223,
      3.0043209112117277,
      5.255612709818223,
      4.562465529258278,
      4.157000421150114,
      3.6461747973841225
    ],
    "vocab": {
      "about": 0,
      "administer": 1,
      "are": 2,
      "build": 3,
      "build_configs": 4,
      "buildconfigs": 5,
      "config": 6,
      "configs": 7,
      "deployment": 8,
      "display": 9,
      "do": 10,
      "entityfeatureopenshift_object": 11,
      "help": 12,
      "how": 13,
      "i": 14,
      "is": 15,
      "list": 16,
      "manage": 17,
      "me": 18,
      "of": 19,
      "openshift": 20,
      "pod": 21,
      "pods": 22,
      "project": 23,
      "projects": 24,
      "route": 25,
      "routes": 26,
      "service": 27,
      "services": 28,
      "show": 29,
      "tell": 30,
      "the": 31,
      "use": 32,
      "vish": 33,
      "what": 34,
      "with": 35
    }
  }
}