{
  "builtin_entity_scope": [],
  "config": {
    "unit_name": "tfidf_vectorizer",
    "use_stemming": false,
    "word_clusters_name": null
  },
  "language_code": "en",
  "vectorizer": {
    "idf_diag": [
      5.255612709818223,
      3.3097025607629096,
      4.157000421150114,
      3.3838105329166317,
      4.002849741322855,
      4.157000421150114,
      4.562465529258278,
      4.157000421150114,
      4.157000421150114,
      2.8577174370198524,
      4.157000421150114,
      4.339321977944068,
      4.339321977944068,
      4.339321977944068,
      5.255612709818223,
      4.850147601710058,
      4.339321977944068,
      4.562465529258278,
      3.8693183486983322,
      3.8693183486983322,
      4.850147601710058,
      3.463853240590168,
      4.850147601710058,
      4.157000421150114,
      3.176171168138387,
      4.002849741322855,
      4.002849741322855,
      3.3097025607629096,
      4.157000421150114,
      2.953027616824177,
      4.850147601710058,
      4.850147601710058,
      5.255612709818223,
      5.255612709818223,
      5.255612709818223,
      5.255612709818223,
      3.5508646175797978,
      4.339321977944068,
      4.850147601710058,
      2.0569395922675415,
      4.002849741322855,
      4.850147601710058,
      3.751535313041949,
      5.255612709818223,
      3.0583881324820035,
      5.255612709818223,
      3.751535313041949,
      4.850147601710058
    ],
    "vocab": {
      "2": 0,
      "?": 1,
      "about": 2,
      "are": 3,
      "control": 4,
      "controlnumber": 5,
      "do": 6,
      "document": 7,
      "entityfeaturedoc_field_name": 8,
      "entityfeaturedoc_function": 9,
      "entityfeaturedocument": 10,
      "entityfeaturefeature": 11,
      "entityfeaturefunction": 12,
      "entityfeaturehelp_topic": 13,
      "feature": 14,
      "featurea": 15,
      "features": 16,
      "federal": 17,
      "field": 18,
      "fields": 19,
      "forms": 20,
      "help": 21,
      "how": 22,
      "invoice": 23,
      "is": 24,
      "layout": 25,
      "lines": 26,
      "me": 27,
      "number": 28,
      "of": 29,
      "open": 30,
      "percentage": 31,
      "required": 32,
      "scan": 33,
      "scanning": 34,
      "send": 35,
      "show": 36,
      "tax": 37,
      "tell": 38,
      "the": 39,
      "this": 40,
      "use": 41,
      "victor": 42,
      "w": 43,
      "what": 44,
      "where": 45,
      "with": 46,
      "withheld": 47
    }
  }
}