{
  "builtin_entity_scope": [],
  "config": {
    "unit_name": "tfidf_vectorizer",
    "use_stemming": false,
    "word_clusters_name": null
  },
  "language_code": "en",
  "vectorizer": {
    "idf_diag": [
      3.849880396541428,
      4.4094961844768505,
      4.4094961844768505,
      3.849880396541428,
      5.102643365036796,
      4.697178256928631,
      4.186352633162641,
      4.697178256928631,
      3.1567332159814825,
      4.4094961844768505,
      4.004031076368686,
      3.5985659682605218,
      4.4094961844768505,
      3.087740344494531,
      4.186352633162641,
      5.102643365036796,
      5.102643365036796,
      4.697178256928631,
      4.004031076368686,
      4.4094961844768505,
      3.5985659682605218,
      4.004031076368686,
      3.716349003916905
    ],
    "vocab": {
      "?": 0,
      "about": 1,
      "do": 2,
      "entityfeaturefeature": 3,
      "feature": 4,
      "featurea": 5,
      "features": 6,
      "file": 7,
      "help": 8,
      "how": 9,
      "i": 10,
      "is": 11,
      "me": 12,
      "of": 13,
      "open": 14,
      "scan": 15,
      "scanning": 16,
      "tell": 17,
      "this": 18,
      "use": 19,
      "victor": 20,
      "what": 21,
      "with": 22
    }
  }
}