{
  "builtin_entity_scope": [],
  "config": {
    "unit_name": "tfidf_vectorizer",
    "use_stemming": false,
    "word_clusters_name": null
  },
  "language_code": "en",
  "vectorizer": {
    "idf_diag": [
      4.850147601710058,
      2.904237452654745,
      4.002849741322855,
      4.157000421150114,
      4.339321977944068,
      3.5508646175797978,
      2.8132656744490188,
      4.339321977944068,
      4.002849741322855,
      4.002849741322855,
      5.255612709818223,
      5.255612709818223,
      4.339321977944068,
      4.562465529258278,
      4.157000421150114,
      4.002849741322855,
      5.255612709818223,
      4.339321977944068,
      3.463853240590168,
      4.850147601710058,
      3.751535313041949,
      2.953027616824177,
      4.157000421150114,
      4.002849741322855,
      3.3838105329166317,
      4.157000421150114,
      3.0583881324820035,
      5.255612709818223,
      4.850147601710058,
      4.850147601710058,
      4.562465529258278,
      4.850147601710058,
      3.5508646175797978,
      4.002849741322855,
      5.255612709818223,
      2.09861228866811,
      4.002849741322855,
      4.850147601710058,
      4.002849741322855,
      4.850147601710058,
      3.0583881324820035,
      4.850147601710058,
      3.8693183486983322,
      4.850147601710058
    ],
    "vocab": {
      "2": 0,
      "?": 1,
      "control": 2,
      "controlnumber": 3,
      "do": 4,
      "entityfeaturedoc_field_name": 5,
      "entityfeaturedoc_function": 6,
      "entityfeaturefeature": 7,
      "entityfeaturefunction": 8,
      "entityfeaturehelp_topic": 9,
      "feature": 10,
      "featurea": 11,
      "features": 12,
      "federal": 13,
      "field": 14,
      "fields": 15,
      "file": 16,
      "forms": 17,
      "help": 18,
      "how": 19,
      "i": 20,
      "is": 21,
      "layout": 22,
      "lines": 23,
      "me": 24,
      "number": 25,
      "of": 26,
      "open": 27,
      "percentage": 28,
      "required": 29,
      "scan": 30,
      "send": 31,
      "show": 32,
      "tax": 33,
      "tell": 34,
      "the": 35,
      "this": 36,
      "use": 37,
      "victor": 38,
      "w": 39,
      "what": 40,
      "where": 41,
      "with": 42,
      "withheld": 43
    }
  }
}