{
  "builtin_entity_scope": [],
  "config": {
    "unit_name": "tfidf_vectorizer",
    "use_stemming": false,
    "word_clusters_name": null
  },
  "language_code": "en",
  "vectorizer": {
    "idf_diag": [
      4.11905548958599,
      4.589059118831726,
      4.589059118831726,
      4.589059118831726,
      4.11905548958599,
      3.1539745935424026,
      3.308125273369661,
      5.099884742597716,
      5.099884742597716,
      4.812202670145935,
      5.505349850705881,
      4.406737562037771,
      5.099884742597716,
      4.589059118831726,
      3.2027647577118348,
      4.406737562037771,
      3.2540580520993854,
      3.89591193827178,
      3.10745457790751,
      4.11905548958599,
      3.7135903814778253,
      3.89591193827178,
      4.812202670145935,
      3.7135903814778253,
      4.11905548958599,
      3.4904468301636156,
      3.4904468301636156,
      3.633547673804289,
      4.252586882210513,
      5.505349850705881,
      5.505349850705881,
      4.812202670145935,
      3.800601758467455,
      5.505349850705881,
      5.099884742597716,
      4.812202670145935,
      3.7135903814778253,
      4.812202670145935,
      2.9404004932443435,
      4.252586882210513,
      3.4259083090260445,
      3.633547673804289,
      5.099884742597716
    ],
    "vocab": {
      "?": 0,
      "about": 1,
      "administer": 2,
      "application": 3,
      "apply": 4,
      "bot": 5,
      "bots": 6,
      "build": 7,
      "computers": 8,
      "configs": 9,
      "deployment": 10,
      "do": 11,
      "does": 12,
      "email": 13,
      "entityfeaturebot": 14,
      "entityfeatureopenshift_objects": 15,
      "entityfeaturevish_module": 16,
      "get": 17,
      "help": 18,
      "how": 19,
      "is": 20,
      "loan": 21,
      "manage": 22,
      "me": 23,
      "module": 24,
      "modules": 25,
      "of": 26,
      "openshift": 27,
      "openshit": 28,
      "pods": 29,
      "routes": 30,
      "s": 31,
      "show": 32,
      "start": 33,
      "talk": 34,
      "tell": 35,
      "to": 36,
      "use": 37,
      "vish": 38,
      "want": 39,
      "what": 40,
      "with": 41,
      "work": 42
    }
  }
}