{
  "coeffs": [
    [
      0.5271439427054807,
      0.7660805265528559,
      1.7328000184995862,
      1.3951324181545595,
      1.075983538963797,
      0.6328152613868611,
      0.6328152613868611,
      -0.7808262593165375,
      2.7984557146731595,
      1.075983538963797,
      1.0108674151902297,
      0.2620800807616434,
      -1.5290570106675856,
      1.6810100059927895,
      -1.2823935123895105,
      0.6328152613868611,
      1.9760583021497833,
      1.7364119638023592,
      -1.1744940789452456,
      0.3989875340127636,
      -1.2121216983048855,
      0.7660805265528559,
      1.075983538963797,
      3.241241352357349,
      1.0873139059999455,
      2.10986791493753,
      1.269738454883387
    ],
    [
      -0.0642561895898218,
      -0.12269548645552279,
      -0.2223576302376913,
      -0.19007183259156088,
      -0.5383310339853387,
      2.2142290032773047,
      2.2142290032773047,
      1.4100161731211613,
      -1.442501045864286,
      -0.5383310339853387,
      -0.9647430550966847,
      -0.5715281574410644,
      2.1799763248052773,
      -0.4522276772402816,
      -1.2247543482656398,
      2.2142290032773047,
      -0.9088024129564728,
      -0.3658254381405634,
      1.9879780071714739,
      -0.31498587242797166,
      1.8933181746136363,
      -0.12269548645552279,
      -0.5383310339853387,
      -0.7850298695203323,
      -0.3963111435571703,
      -0.5556879367600545,
      -1.2268171439993751
    ],
    [
      -0.3747779885488348,
      -0.4018978528440505,
      -1.0130539302225179,
      -0.8841400962359169,
      -0.2609889446975294,
      -2.1670938242647293,
      -2.1670938242647293,
      -0.6382626006246687,
      -1.7161172034417511,
      -0.2609889446975294,
      -0.1000922670198831,
      -0.06758369902535191,
      -0.9699306157607592,
      -0.7197991650392441,
      1.2524414112025999,
      -2.1670938242647293,
      -0.7180589104439297,
      -1.2199581747174544,
      -0.9980410647514237,
      -0.10357076814826055,
      -0.7412085573021491,
      -0.4018978528440505,
      -0.2609889446975294,
      -2.0966181887005257,
      -0.26506919431530795,
      -1.2725890412989642,
      -0.3875265687468164
    ]
  ],
  "config": {
    "data_augmentation_config": {
      "add_builtin_entities_examples": false,
      "max_unknown_words": null,
      "min_utterances": 20,
      "noise_factor": 5,
      "unknown_word_prob": 0.0,
      "unknown_words_replacement_string": null
    },
    "featurizer_config": {
      "added_cooccurrence_feature_ratio": 0.0,
      "cooccurrence_vectorizer_config": {
        "filter_stop_words": true,
        "keep_order": true,
        "unit_name": "cooccurrence_vectorizer",
        "unknown_words_replacement_string": null,
        "window_size": null
      },
      "pvalue_threshold": 0.4,
      "tfidf_vectorizer_config": {
        "unit_name": "tfidf_vectorizer",
        "use_stemming": false,
        "word_clusters_name": null
      },
      "unit_name": "featurizer"
    },
    "noise_reweight_factor": 1,
    "unit_name": "log_reg_intent_classifier"
  },
  "featurizer": "featurizer",
  "intent_list": [
    "help",
    "launch",
    null
  ],
  "intercept": [
    -1.8027020834606906,
    -1.9293511813864805,
    1.009179142099993
  ],
  "t_": 5181.0
}