{
  "builtin_entity_scope": [],
  "config": {
    "unit_name": "tfidf_vectorizer",
    "use_stemming": false,
    "word_clusters_name": null
  },
  "language_code": "en",
  "vectorizer": {
    "idf_diag": [
      4.002849741322855,
      4.850147601710058,
      4.339321977944068,
      4.850147601710058,
      4.562465529258278,
      3.751535313041949,
      3.2407096892759584,
      2.8132656744490188,
      4.562465529258278,
      5.255612709818223,
      4.850147601710058,
      4.339321977944068,
      3.176171168138387,
      3.8693183486983322,
      3.5508646175797978,
      4.562465529258278,
      3.8693183486983322,
      4.850147601710058,
      3.8693183486983322,
      4.562465529258278,
      3.2407096892759584,
      4.850147601710058,
      3.8693183486983322,
      4.850147601710058,
      4.157000421150114,
      5.255612709818223,
      3.463853240590168,
      3.8693183486983322,
      4.850147601710058
    ],
    "vocab": {
      "?": 0,
      "about": 1,
      "all": 2,
      "application": 3,
      "apply": 4,
      "are": 5,
      "bot": 6,
      "bots": 7,
      "calendar": 8,
      "do": 9,
      "does": 10,
      "email": 11,
      "entityfeaturebot": 12,
      "get": 13,
      "help": 14,
      "how": 15,
      "is": 16,
      "loan": 17,
      "me": 18,
      "news": 19,
      "of": 20,
      "s": 21,
      "show": 22,
      "tell": 23,
      "there": 24,
      "use": 25,
      "what": 26,
      "with": 27,
      "work": 28
    }
  }
}