{
  "builtin_entity_scope": [],
  "config": {
    "unit_name": "tfidf_vectorizer",
    "use_stemming": false,
    "word_clusters_name": null
  },
  "language_code": "en",
  "vectorizer": {
    "idf_diag": [
      3.849880396541428,
      3.3978952727983707,
      4.4094961844768505,
      4.697178256928631,
      4.186352633162641,
      3.1567332159814825,
      4.004031076368686,
      5.102643365036796,
      4.697178256928631,
      4.697178256928631,
      4.697178256928631,
      3.310883895808741,
      3.4932054526026954,
      3.3978952727983707,
      4.186352633162641,
      3.5985659682605218,
      3.849880396541428,
      4.4094961844768505,
      4.697178256928631,
      2.9054187877005764,
      4.697178256928631,
      4.697178256928631,
      4.697178256928631,
      3.716349003916905,
      3.5985659682605218,
      4.697178256928631
    ],
    "vocab": {
      "?": 0,
      "a": 1,
      "about": 2,
      "application": 3,
      "apply": 4,
      "bot": 5,
      "bots": 6,
      "calendar": 7,
      "do": 8,
      "does": 9,
      "email": 10,
      "entityfeaturebot": 11,
      "for": 12,
      "help": 13,
      "how": 14,
      "is": 15,
      "loan": 16,
      "me": 17,
      "news": 18,
      "of": 19,
      "s": 20,
      "tell": 21,
      "use": 22,
      "what": 23,
      "with": 24,
      "work": 25
    }
  }
}