{
  "builtin_entity_scope": [],
  "config": {
    "unit_name": "tfidf_vectorizer",
    "use_stemming": false,
    "word_clusters_name": null
  },
  "language_code": "en",
  "vectorizer": {
    "idf_diag": [
      4.004031076368686,
      4.4094961844768505,
      4.697178256928631,
      3.849880396541428,
      3.310883895808741,
      3.4932054526026954,
      4.697178256928631,
      4.697178256928631,
      4.4094961844768505,
      4.697178256928631,
      3.310883895808741,
      4.004031076368686,
      4.004031076368686,
      4.4094961844768505,
      3.849880396541428,
      4.697178256928631,
      2.8513515664303006,
      4.697178256928631,
      4.004031076368686,
      2.1848726329525165,
      4.186352633162641,
      4.697178256928631,
      3.849880396541428,
      4.4094961844768505
    ],
    "vocab": {
      "?": 0,
      "application": 1,
      "apply": 2,
      "are": 3,
      "bot": 4,
      "bots": 5,
      "calendar": 6,
      "do": 7,
      "does": 8,
      "email": 9,
      "entityfeaturebot": 10,
      "get": 11,
      "how": 12,
      "loan": 13,
      "me": 14,
      "news": 15,
      "of": 16,
      "s": 17,
      "show": 18,
      "the": 19,
      "there": 20,
      "use": 21,
      "what": 22,
      "work": 23
    }
  }
}