{
  "builtin_entity_scope": [],
  "config": {
    "unit_name": "tfidf_vectorizer",
    "use_stemming": false,
    "word_clusters_name": null
  },
  "language_code": "en",
  "vectorizer": {
    "idf_diag": [
      4.289644895756409,
      4.982792076316353,
      4.695110003864572,
      4.982792076316353,
      4.471966452550363,
      4.13549421592915,
      3.03688192726104,
      2.990361911626147,
      4.695110003864572,
      3.7788192719904172,
      4.982792076316353,
      4.982792076316353,
      4.982792076316353,
      3.3088156427446815,
      3.7788192719904172,
      3.7788192719904172,
      4.471966452550363,
      4.695110003864572,
      4.471966452550363,
      4.982792076316353,
      4.001962823304627,
      4.471966452550363,
      4.982792076316353,
      4.13549421592915,
      3.5964977151964628,
      4.982792076316353,
      2.497885426528353,
      4.471966452550363,
      3.6835090921860925,
      4.289644895756409,
      4.982792076316353,
      3.7788192719904172,
      3.5164550075229264,
      4.982792076316353
    ],
    "vocab": {
      "?": 0,
      "about": 1,
      "all": 2,
      "application": 3,
      "apply": 4,
      "are": 5,
      "bot": 6,
      "bots": 7,
      "calendar": 8,
      "describe": 9,
      "do": 10,
      "does": 11,
      "email": 12,
      "entityfeaturebot": 13,
      "get": 14,
      "help": 15,
      "how": 16,
      "i": 17,
      "is": 18,
      "loan": 19,
      "me": 20,
      "news": 21,
      "s": 22,
      "show": 23,
      "talk": 24,
      "tell": 25,
      "the": 26,
      "there": 27,
      "this": 28,
      "to": 29,
      "use": 30,
      "what": 31,
      "with": 32,
      "work": 33
    }
  }
}