{
  "builtin_entity_scope": [],
  "config": {
    "unit_name": "tfidf_vectorizer",
    "use_stemming": false,
    "word_clusters_name": null
  },
  "language_code": "en",
  "vectorizer": {
    "idf_diag": [
      4.697178256928631,
      4.697178256928631,
      4.697178256928631,
      4.697178256928631,
      4.4094961844768505,
      5.102643365036796,
      4.697178256928631,
      5.102643365036796,
      5.102643365036796,
      3.310883895808741,
      4.697178256928631,
      5.102643365036796,
      2.9054187877005764,
      4.697178256928631,
      5.102643365036796,
      3.087740344494531,
      4.186352633162641,
      3.716349003916905,
      5.102643365036796,
      5.102643365036796,
      5.102643365036796,
      2.537694007575259,
      4.4094961844768505,
      4.697178256928631,
      3.849880396541428,
      4.4094961844768505,
      3.3978952727983707
    ],
    "vocab": {
      "about": 0,
      "account": 1,
      "accounting": 2,
      "accounts": 3,
      "bank": 4,
      "banking": 5,
      "do": 6,
      "document": 7,
      "documents": 8,
      "entityfeaturepackage": 9,
      "finance": 10,
      "form": 11,
      "help": 12,
      "how": 13,
      "manage": 14,
      "of": 15,
      "package": 16,
      "packages": 17,
      "personal": 18,
      "s": 19,
      "tell": 20,
      "the": 21,
      "this": 22,
      "use": 23,
      "victor": 24,
      "what": 25,
      "with": 26
    }
  }
}