{
  "builtin_entity_scope": [],
  "config": {
    "unit_name": "tfidf_vectorizer",
    "use_stemming": false,
    "word_clusters_name": null
  },
  "language_code": "en",
  "vectorizer": {
    "idf_diag": [
      4.697178256928631,
      4.4094961844768505,
      5.102643365036796,
      4.697178256928631,
      4.4094961844768505,
      5.102643365036796,
      3.2308411881352046,
      4.697178256928631,
      5.102643365036796,
      2.962577201540525,
      4.697178256928631,
      4.186352633162641,
      4.697178256928631,
      4.697178256928631,
      3.087740344494531,
      4.004031076368686,
      3.849880396541428,
      4.697178256928631,
      4.697178256928631,
      4.697178256928631,
      5.102643365036796,
      4.4094961844768505,
      4.697178256928631,
      4.004031076368686,
      4.186352633162641,
      3.4932054526026954
    ],
    "vocab": {
      "about": 0,
      "accounting": 1,
      "banking": 2,
      "do": 3,
      "document": 4,
      "documents": 5,
      "entityfeaturepackage": 6,
      "finance": 7,
      "forms": 8,
      "help": 9,
      "how": 10,
      "i": 11,
      "ledger": 12,
      "manage": 13,
      "of": 14,
      "package": 15,
      "packages": 16,
      "pdf": 17,
      "personal": 18,
      "s": 19,
      "tell": 20,
      "this": 21,
      "use": 22,
      "victor": 23,
      "what": 24,
      "with": 25
    }
  }
}