{
  "builtin_entity_scope": [],
  "config": {
    "unit_name": "tfidf_vectorizer",
    "use_stemming": false,
    "word_clusters_name": null
  },
  "language_code": "en",
  "vectorizer": {
    "idf_diag": [
      4.4094961844768505,
      4.697178256928631,
      4.697178256928631,
      4.004031076368686,
      4.186352633162641,
      4.4094961844768505,
      5.102643365036796,
      4.004031076368686,
      3.2308411881352046,
      5.102643365036796,
      5.102643365036796,
      5.102643365036796,
      3.1567332159814825,
      4.186352633162641,
      3.849880396541428,
      5.102643365036796,
      4.697178256928631,
      3.087740344494531,
      4.186352633162641,
      4.004031076368686,
      4.697178256928631,
      4.697178256928631,
      5.102643365036796,
      4.4094961844768505,
      4.186352633162641,
      4.004031076368686,
      4.004031076368686,
      3.716349003916905
    ],
    "vocab": {
      "?": 0,
      "about": 1,
      "accounting": 2,
      "accounts": 3,
      "do": 4,
      "document": 5,
      "documents": 6,
      "entityfeaturefeature": 7,
      "entityfeaturepackage": 8,
      "finance": 9,
      "financial": 10,
      "forms": 11,
      "help": 12,
      "how": 13,
      "i": 14,
      "manage": 15,
      "me": 16,
      "of": 17,
      "package": 18,
      "packages": 19,
      "pdf": 20,
      "s": 21,
      "tell": 22,
      "this": 23,
      "use": 24,
      "victor": 25,
      "what": 26,
      "with": 27
    }
  }
}