{
  "builtin_entity_scope": [],
  "config": {
    "unit_name": "tfidf_vectorizer",
    "use_stemming": false,
    "word_clusters_name": null
  },
  "language_code": "en",
  "vectorizer": {
    "idf_diag": [
      4.4094961844768505,
      4.697178256928631,
      5.102643365036796,
      4.004031076368686,
      4.186352633162641,
      4.4094961844768505,
      5.102643365036796,
      4.004031076368686,
      3.2308411881352046,
      5.102643365036796,
      5.102643365036796,
      5.102643365036796,
      3.087740344494531,
      4.186352633162641,
      3.849880396541428,
      3.5985659682605218,
      4.004031076368686,
      5.102643365036796,
      4.697178256928631,
      3.087740344494531,
      4.4094961844768505,
      4.004031076368686,
      5.102643365036796,
      5.102643365036796,
      5.102643365036796,
      4.186352633162641,
      4.186352633162641,
      4.004031076368686,
      4.186352633162641,
      3.4932054526026954
    ],
    "vocab": {
      "?": 0,
      "about": 1,
      "accounting": 2,
      "accounts": 3,
      "do": 4,
      "document": 5,
      "documents": 6,
      "entityfeaturefeature": 7,
      "entityfeaturepackage": 8,
      "finance": 9,
      "form": 10,
      "forms": 11,
      "help": 12,
      "how": 13,
      "i": 14,
      "in": 15,
      "is": 16,
      "manage": 17,
      "me": 18,
      "of": 19,
      "package": 20,
      "packages": 21,
      "pdf": 22,
      "s": 23,
      "tell": 24,
      "this": 25,
      "use": 26,
      "victor": 27,
      "what": 28,
      "with": 29
    }
  }
}