{
  "builtin_entity_scope": [],
  "config": {
    "unit_name": "tfidf_vectorizer",
    "use_stemming": false,
    "word_clusters_name": null
  },
  "language_code": "en",
  "vectorizer": {
    "idf_diag": [
      6.0271645960474665,
      6.0271645960474665,
      6.0271645960474665,
      5.621699487939302,
      5.110873864173311,
      4.774401627552098,
      3.4622152385859297,
      6.0271645960474665,
      5.334017415487521,
      5.110873864173311,
      6.0271645960474665,
      4.9285523073793565,
      4.523087199271192,
      4.322416503809041,
      5.110873864173311,
      4.640870234927576,
      4.012261575505201,
      2.3765063547537277,
      2.4718165345580525,
      4.081254446992153,
      4.235405126819412,
      4.417726683613366,
      4.155362419145875,
      6.0271645960474665,
      5.334017415487521,
      2.9361221426891504,
      5.621699487939302,
      4.9285523073793565,
      5.334017415487521,
      4.235405126819412,
      6.0271645960474665,
      5.110873864173311,
      3.9477230543676303,
      4.012261575505201,
      2.982642158324043,
      4.417726683613366,
      6.0271645960474665,
      6.0271645960474665,
      6.0271645960474665,
      5.334017415487521,
      4.640870234927576,
      3.9477230543676303,
      5.621699487939302,
      4.640870234927576,
      4.774401627552098,
      5.334017415487521,
      5.621699487939302,
      4.774401627552098,
      3.829940018711247,
      6.0271645960474665,
      4.235405126819412,
      3.8870984325511957,
      5.334017415487521,
      4.081254446992153,
      4.081254446992153,
      3.775872797440971,
      6.0271645960474665,
      5.621699487939302,
      4.417726683613366,
      5.621699487939302,
      4.640870234927576,
      5.334017415487521,
      6.0271645960474665,
      4.640870234927576,
      6.0271645960474665,
      6.0271645960474665,
      5.621699487939302,
      6.0271645960474665,
      3.3530159466209377,
      3.8870984325511957,
      3.223804215140931,
      3.7245795030534206,
      5.621699487939302,
      5.110873864173311,
      5.334017415487521,
      3.501435951739211,
      4.322416503809041,
      6.0271645960474665
    ],
    "vocab": {
      "15": 0,
      "20": 1,
      "3": 2,
      "?": 3,
      "about": 4,
      "asr": 5,
      "back": 6,
      "bro": 7,
      "bye": 8,
      "can": 9,
      "close": 10,
      "debug": 11,
      "disable": 12,
      "do": 13,
      "does": 14,
      "enable": 15,
      "end": 16,
      "entityfeaturefeature": 17,
      "entityfeaturefunction": 18,
      "entityfeatureno": 19,
      "entityfeaturepackage": 20,
      "entityfeatureperson": 21,
      "exit": 22,
      "five": 23,
      "get": 24,
      "go": 25,
      "goodbye": 26,
      "goto": 27,
      "hello": 28,
      "help": 29,
      "hey": 30,
      "hi": 31,
      "home": 32,
      "how": 33,
      "i": 34,
      "is": 35,
      "l8r": 36,
      "leave": 37,
      "leaving": 38,
      "m": 39,
      "me": 40,
      "menu": 41,
      "menus": 42,
      "my": 43,
      "name": 44,
      "next": 45,
      "nlp": 46,
      "nlu": 47,
      "now": 48,
      "np": 49,
      "off": 50,
      "on": 51,
      "p": 52,
      "packages": 53,
      "page": 54,
      "please": 55,
      "pp": 56,
      "previous": 57,
      "program": 58,
      "quit": 59,
      "s": 60,
      "send": 61,
      "seven": 62,
      "show": 63,
      "shutdown": 64,
      "sixteen": 65,
      "stop": 66,
      "sup": 67,
      "the": 68,
      "this": 69,
      "to": 70,
      "turn": 71,
      "two": 72,
      "use": 73,
      "victor": 74,
      "want": 75,
      "what": 76,
      "yo": 77
    }
  }
}