{
  "builtin_entity_scope": [],
  "config": {
    "unit_name": "tfidf_vectorizer",
    "use_stemming": false,
    "word_clusters_name": null
  },
  "language_code": "en",
  "vectorizer": {
    "idf_diag": [
      6.0271645960474665,
      6.0271645960474665,
      6.0271645960474665,
      6.0271645960474665,
      5.621699487939302,
      5.110873864173311,
      4.640870234927576,
      3.4622152385859297,
      6.0271645960474665,
      5.621699487939302,
      5.110873864173311,
      5.621699487939302,
      5.110873864173311,
      4.640870234927576,
      4.322416503809041,
      5.110873864173311,
      5.621699487939302,
      5.334017415487521,
      4.774401627552098,
      3.775872797440971,
      2.389578436321081,
      2.4576318995660964,
      4.155362419145875,
      4.235405126819412,
      4.417726683613366,
      4.155362419145875,
      6.0271645960474665,
      5.110873864173311,
      2.982642158324043,
      6.0271645960474665,
      4.9285523073793565,
      5.334017415487521,
      4.235405126819412,
      6.0271645960474665,
      5.110873864173311,
      3.9477230543676303,
      4.012261575505201,
      2.959111660913849,
      4.322416503809041,
      5.621699487939302,
      6.0271645960474665,
      6.0271645960474665,
      5.334017415487521,
      4.640870234927576,
      4.081254446992153,
      4.640870234927576,
      4.774401627552098,
      5.334017415487521,
      4.774401627552098,
      3.629269323249096,
      6.0271645960474665,
      4.235405126819412,
      3.829940018711247,
      5.334017415487521,
      4.081254446992153,
      4.012261575505201,
      3.8870984325511957,
      6.0271645960474665,
      5.334017415487521,
      4.155362419145875,
      5.621699487939302,
      4.640870234927576,
      4.640870234927576,
      5.621699487939302,
      6.0271645960474665,
      6.0271645960474665,
      5.621699487939302,
      5.621699487939302,
      3.8870984325511957,
      3.286324572122265,
      3.7245795030534206,
      5.334017415487521,
      4.9285523073793565,
      5.110873864173311,
      5.334017415487521,
      3.4622152385859297,
      4.322416503809041,
      6.0271645960474665
    ],
    "vocab": {
      "16": 0,
      "20": 1,
      "32": 2,
      "5": 3,
      "?": 4,
      "about": 5,
      "asr": 6,
      "back": 7,
      "bro": 8,
      "bye": 9,
      "can": 10,
      "close": 11,
      "debug": 12,
      "disable": 13,
      "do": 14,
      "does": 15,
      "don": 16,
      "dude": 17,
      "enable": 18,
      "end": 19,
      "entityfeaturefeature": 20,
      "entityfeaturefunction": 21,
      "entityfeatureno": 22,
      "entityfeaturepackage": 23,
      "entityfeatureperson": 24,
      "exit": 25,
      "five": 26,
      "get": 27,
      "go": 28,
      "goodbye": 29,
      "goto": 30,
      "hello": 31,
      "help": 32,
      "hey": 33,
      "hi": 34,
      "home": 35,
      "how": 36,
      "i": 37,
      "is": 38,
      "l8r": 39,
      "leave": 40,
      "leaving": 41,
      "m": 42,
      "me": 43,
      "menu": 44,
      "my": 45,
      "name": 46,
      "next": 47,
      "nlu": 48,
      "now": 49,
      "np": 50,
      "off": 51,
      "on": 52,
      "p": 53,
      "packages": 54,
      "page": 55,
      "please": 56,
      "pp": 57,
      "previous": 58,
      "program": 59,
      "quit": 60,
      "s": 61,
      "show": 62,
      "shutdown": 63,
      "stop": 64,
      "sup": 65,
      "t": 66,
      "thirty": 67,
      "this": 68,
      "to": 69,
      "turn": 70,
      "twenty": 71,
      "two": 72,
      "use": 73,
      "victor": 74,
      "want": 75,
      "what": 76,
      "yo": 77
    }
  }
}