{
  "builtin_entity_scope": [],
  "config": {
    "unit_name": "tfidf_vectorizer",
    "use_stemming": false,
    "word_clusters_name": null
  },
  "language_code": "en",
  "vectorizer": {
    "idf_diag": [
      4.982792076316353,
      4.471966452550363,
      4.289644895756409,
      4.982792076316353,
      4.982792076316353,
      4.982792076316353,
      4.982792076316353,
      5.388257184424518,
      2.367832298280155,
      5.388257184424518,
      4.982792076316353,
      4.471966452550363,
      3.5164550075229264,
      4.471966452550363,
      4.982792076316353,
      3.373354163882253,
      4.695110003864572,
      5.388257184424518,
      3.373354163882253,
      2.990361911626147,
      4.471966452550363,
      4.695110003864572,
      4.695110003864572,
      3.7788192719904172,
      4.695110003864572,
      4.695110003864572,
      4.695110003864572,
      4.471966452550363,
      2.823307826962981,
      2.9459101490553135,
      4.289644895756409,
      3.5964977151964628,
      3.8841797876482436,
      5.388257184424518,
      4.471966452550363,
      4.982792076316353,
      3.0856720914304723,
      4.471966452550363,
      4.982792076316353,
      5.388257184424518,
      3.5164550075229264,
      4.695110003864572,
      4.982792076316353,
      4.695110003864572
    ],
    "vocab": {
      "?": 0,
      "am": 1,
      "are": 2,
      "bro": 3,
      "carrie": 4,
      "david": 5,
      "dude": 6,
      "ellen": 7,
      "entityfeatureperson": 8,
      "going": 9,
      "happening": 10,
      "harry": 11,
      "hello": 12,
      "henry": 13,
      "hey": 14,
      "hi": 15,
      "how": 16,
      "hubert": 17,
      "i": 18,
      "is": 19,
      "joe": 20,
      "john": 21,
      "luis": 22,
      "m": 23,
      "marvin": 24,
      "mary": 25,
      "michael": 26,
      "miller": 27,
      "my": 28,
      "name": 29,
      "names": 30,
      "of": 31,
      "s": 32,
      "sean": 33,
      "shelly": 34,
      "sup": 35,
      "the": 36,
      "there": 37,
      "tim": 38,
      "up": 39,
      "victor": 40,
      "what": 41,
      "yo": 42,
      "you": 43
    }
  }
}